[{"pk": 22, "model": "auth.permission", "fields": {"codename": "add_logentry", "name": "Can add log entry", "content_type": 8}}, {"pk": 23, "model": "auth.permission", "fields": {"codename": "change_logentry", "name": "Can change log entry", "content_type": 8}}, {"pk": 24, "model": "auth.permission", "fields": {"codename": "delete_logentry", "name": "Can delete log entry", "content_type": 8}}, {"pk": 4, "model": "auth.permission", "fields": {"codename": "add_group", "name": "Can add group", "content_type": 2}}, {"pk": 5, "model": "auth.permission", "fields": {"codename": "change_group", "name": "Can change group", "content_type": 2}}, {"pk": 6, "model": "auth.permission", "fields": {"codename": "delete_group", "name": "Can delete group", "content_type": 2}}, {"pk": 10, "model": "auth.permission", "fields": {"codename": "add_message", "name": "Can add message", "content_type": 4}}, {"pk": 11, "model": "auth.permission", "fields": {"codename": "change_message", "name": "Can change message", "content_type": 4}}, {"pk": 12, "model": "auth.permission", "fields": {"codename": "delete_message", "name": "Can delete message", "content_type": 4}}, {"pk": 1, "model": "auth.permission", "fields": {"codename": "add_permission", "name": "Can add permission", "content_type": 1}}, {"pk": 2, "model": "auth.permission", "fields": {"codename": "change_permission", "name": "Can change permission", "content_type": 1}}, {"pk": 3, "model": "auth.permission", "fields": {"codename": "delete_permission", "name": "Can delete permission", "content_type": 1}}, {"pk": 7, "model": "auth.permission", "fields": {"codename": "add_user", "name": "Can add user", "content_type": 3}}, {"pk": 8, "model": "auth.permission", "fields": {"codename": "change_user", "name": "Can change user", "content_type": 3}}, {"pk": 9, "model": "auth.permission", "fields": {"codename": "delete_user", "name": "Can delete user", "content_type": 3}}, {"pk": 13, "model": "auth.permission", "fields": {"codename": "add_contenttype", "name": "Can add content type", "content_type": 5}}, {"pk": 14, "model": "auth.permission", "fields": {"codename": "change_contenttype", "name": "Can change content type", "content_type": 5}}, {"pk": 15, "model": "auth.permission", "fields": {"codename": "delete_contenttype", "name": "Can delete content type", "content_type": 5}}, {"pk": 49, "model": "auth.permission", "fields": {"codename": "add_bagcount", "name": "Can add bag count", "content_type": 17}}, {"pk": 50, "model": "auth.permission", "fields": {"codename": "change_bagcount", "name": "Can change bag count", "content_type": 17}}, {"pk": 51, "model": "auth.permission", "fields": {"codename": "delete_bagcount", "name": "Can delete bag count", "content_type": 17}}, {"pk": 43, "model": "auth.permission", "fields": {"codename": "add_category", "name": "Can add category", "content_type": 15}}, {"pk": 44, "model": "auth.permission", "fields": {"codename": "change_category", "name": "Can change category", "content_type": 15}}, {"pk": 45, "model": "auth.permission", "fields": {"codename": "delete_category", "name": "Can delete category", "content_type": 15}}, {"pk": 37, "model": "auth.permission", "fields": {"codename": "add_item", "name": "Can add item", "content_type": 13}}, {"pk": 38, "model": "auth.permission", "fields": {"codename": "change_item", "name": "Can change item", "content_type": 13}}, {"pk": 39, "model": "auth.permission", "fields": {"codename": "delete_item", "name": "Can delete item", "content_type": 13}}, {"pk": 40, "model": "auth.permission", "fields": {"codename": "add_label", "name": "Can add label", "content_type": 14}}, {"pk": 41, "model": "auth.permission", "fields": {"codename": "change_label", "name": "Can change label", "content_type": 14}}, {"pk": 42, "model": "auth.permission", "fields": {"codename": "delete_label", "name": "Can delete label", "content_type": 14}}, {"pk": 52, "model": "auth.permission", "fields": {"codename": "add_setting", "name": "Can add setting", "content_type": 18}}, {"pk": 53, "model": "auth.permission", "fields": {"codename": "change_setting", "name": "Can change setting", "content_type": 18}}, {"pk": 54, "model": "auth.permission", "fields": {"codename": "delete_setting", "name": "Can delete setting", "content_type": 18}}, {"pk": 46, "model": "auth.permission", "fields": {"codename": "add_subcategory", "name": "Can add subcategory", "content_type": 16}}, {"pk": 47, "model": "auth.permission", "fields": {"codename": "change_subcategory", "name": "Can change subcategory", "content_type": 16}}, {"pk": 48, "model": "auth.permission", "fields": {"codename": "delete_subcategory", "name": "Can delete subcategory", "content_type": 16}}, {"pk": 31, "model": "auth.permission", "fields": {"codename": "add_category", "name": "Can add category", "content_type": 11}}, {"pk": 32, "model": "auth.permission", "fields": {"codename": "change_category", "name": "Can change category", "content_type": 11}}, {"pk": 33, "model": "auth.permission", "fields": {"codename": "delete_category", "name": "Can delete category", "content_type": 11}}, {"pk": 25, "model": "auth.permission", "fields": {"codename": "add_item", "name": "Can add item", "content_type": 9}}, {"pk": 26, "model": "auth.permission", "fields": {"codename": "change_item", "name": "Can change item", "content_type": 9}}, {"pk": 27, "model": "auth.permission", "fields": {"codename": "delete_item", "name": "Can delete item", "content_type": 9}}, {"pk": 28, "model": "auth.permission", "fields": {"codename": "add_label", "name": "Can add label", "content_type": 10}}, {"pk": 29, "model": "auth.permission", "fields": {"codename": "change_label", "name": "Can change label", "content_type": 10}}, {"pk": 30, "model": "auth.permission", "fields": {"codename": "delete_label", "name": "Can delete label", "content_type": 10}}, {"pk": 34, "model": "auth.permission", "fields": {"codename": "add_subcategory", "name": "Can add subcategory", "content_type": 12}}, {"pk": 35, "model": "auth.permission", "fields": {"codename": "change_subcategory", "name": "Can change subcategory", "content_type": 12}}, {"pk": 36, "model": "auth.permission", "fields": {"codename": "delete_subcategory", "name": "Can delete subcategory", "content_type": 12}}, {"pk": 16, "model": "auth.permission", "fields": {"codename": "add_session", "name": "Can add session", "content_type": 6}}, {"pk": 17, "model": "auth.permission", "fields": {"codename": "change_session", "name": "Can change session", "content_type": 6}}, {"pk": 18, "model": "auth.permission", "fields": {"codename": "delete_session", "name": "Can delete session", "content_type": 6}}, {"pk": 19, "model": "auth.permission", "fields": {"codename": "add_site", "name": "Can add site", "content_type": 7}}, {"pk": 20, "model": "auth.permission", "fields": {"codename": "change_site", "name": "Can change site", "content_type": 7}}, {"pk": 21, "model": "auth.permission", "fields": {"codename": "delete_site", "name": "Can delete site", "content_type": 7}}, {"pk": 1, "model": "auth.user", "fields": {"username": "admin", "first_name": "", "last_name": "", "is_active": true, "is_superuser": true, "is_staff": true, "last_login": "2012-07-28 17:54:03", "groups": [], "user_permissions": [], "password": "sha1$76e1f$6697dc21b1d42bfef85037bc0611a36ed4b281b4", "email": "grant.jenks@gmail.com", "date_joined": "2012-06-11 15:11:30"}}, {"pk": 1, "model": "core.label", "fields": {"category": "Vegetable", "code": "020000111971", "name": "Green Beans", "subcategory": "Canned Green Beans"}}, {"pk": 2, "model": "core.label", "fields": {"category": "Vegetable", "code": "011110859457", "name": "Green Beans", "subcategory": "Canned Green Beans"}}, {"pk": 3, "model": "core.label", "fields": {"category": "Vegetable", "code": "020000111964", "name": "Green Beans", "subcategory": "Canned Green Beans"}}, {"pk": 4, "model": "core.label", "fields": {"category": "Vegetable", "code": "024000051404", "name": "Green Beans and Potatoes", "subcategory": "Canned Green Beans"}}, {"pk": 5, "model": "core.label", "fields": {"category": "Vegetable", "code": "096619998340", "name": "Green Beans", "subcategory": "Canned Green Beans"}}, {"pk": 6, "model": "core.label", "fields": {"category": "Vegetable", "code": "024000162865", "name": "Green Beans", "subcategory": "Canned Carrots"}}, {"pk": 7, "model": "core.label", "fields": {"category": "Vegetable", "code": "024000162896", "name": "Green Beans", "subcategory": "Canned Green Beans"}}, {"pk": 8, "model": "core.label", "fields": {"category": "Vegetable", "code": "041415086418", "name": "Green Beans", "subcategory": "Canned Green Beans"}}, {"pk": 9, "model": "core.label", "fields": {"category": "Vegetable", "code": "037100033188", "name": "Green Beans", "subcategory": "Canned Green Beans"}}, {"pk": 10, "model": "core.label", "fields": {"category": "Vegetable", "code": "034700023113034700023113", "name": "Green Beans", "subcategory": "Canned Green Beans"}}, {"pk": 11, "model": "core.label", "fields": {"category": "Vegetable", "code": "041415061415", "name": "Green Beans", "subcategory": "Canned Green Beans"}}, {"pk": 12, "model": "core.label", "fields": {"category": "Vegetable", "code": "041498120511", "name": "Green Beans", "subcategory": "Canned Green Beans"}}, {"pk": 13, "model": "core.label", "fields": {"category": "Vegetable", "code": "034700012117", "name": "Green Beans", "subcategory": "Canned Green Beans"}}, {"pk": 14, "model": "core.label", "fields": {"category": "Vegetable", "code": "078742369433", "name": "Green Beans", "subcategory": "Canned Green Beans"}}, {"pk": 15, "model": "core.label", "fields": {"category": "Vegetable", "code": "041498120535", "name": "Green Beans", "subcategory": "Canned Green Beans"}}, {"pk": 16, "model": "core.label", "fields": {"category": "Vegetable", "code": "034700034119", "name": "Green Beans", "subcategory": "Canned Green Beans"}}, {"pk": 17, "model": "core.label", "fields": {"category": "Vegetable", "code": "024000162902", "name": "Green Beans", "subcategory": "Canned Green Beans"}}, {"pk": 18, "model": "core.label", "fields": {"category": "Vegetable", "code": "096619998364", "name": "Sweet Corn", "subcategory": "Canned Corn"}}, {"pk": 19, "model": "core.label", "fields": {"category": "Vegetable", "code": "011110808042", "name": "Golden Corn", "subcategory": "Canned Pasta/Tomato Sauce"}}, {"pk": 20, "model": "core.label", "fields": {"category": "Vegetable", "code": "024000163008", "name": "Cream Style Corn", "subcategory": "Canned Corn"}}, {"pk": 21, "model": "core.label", "fields": {"category": "Vegetable", "code": "024000163015", "name": "Cream Style Corn", "subcategory": "Applesauce"}}, {"pk": 22, "model": "core.label", "fields": {"category": "Vegetable", "code": "034700704111", "name": "Corn", "subcategory": "Canned Corn"}}, {"pk": 23, "model": "core.label", "fields": {"category": "Vegetable", "code": "020000112749", "name": "Yellow and White Corn", "subcategory": "Canned Corn"}}, {"pk": 24, "model": "core.label", "fields": {"category": "Vegetable", "code": "020000105918", "name": "Cream Style Corn", "subcategory": "Canned Corn"}}, {"pk": 25, "model": "core.label", "fields": {"category": "Vegetable", "code": "020000105468", "name": "White Shoepeg", "subcategory": "Canned Corn"}}, {"pk": 26, "model": "core.label", "fields": {"category": "Vegetable", "code": "078742094212", "name": "Cream Style Corn", "subcategory": "Canned Corn"}}, {"pk": 27, "model": "core.label", "fields": {"category": "Vegetable", "code": "020000104737", "name": "Sweet Corn", "subcategory": "Canned Corn"}}, {"pk": 28, "model": "core.label", "fields": {"category": "Vegetable", "code": "011110809865", "name": "Golden Hominy", "subcategory": "Canned Corn"}}, {"pk": 29, "model": "core.label", "fields": {"category": "Vegetable", "code": "024000014409", "name": "Corn", "subcategory": "Canned Corn"}}, {"pk": 30, "model": "core.label", "fields": {"category": "Vegetable", "code": "020000113821", "name": "White Shoepeg", "subcategory": "Canned Corn"}}, {"pk": 31, "model": "core.label", "fields": {"category": "Vegetable", "code": "024000163022", "name": "Corn", "subcategory": "Boxed Cereal"}}, {"pk": 32, "model": "core.label", "fields": {"category": "Vegetable", "code": "011110809872", "name": "White Hominy", "subcategory": "Canned Corn"}}, {"pk": 33, "model": "core.label", "fields": {"category": "Vegetable", "code": "020000104539", "name": "Mexicorn", "subcategory": "Canned Corn"}}, {"pk": 34, "model": "core.label", "fields": {"category": "Vegetable", "code": "041415090415", "name": "Green Peas", "subcategory": "Canned Soup"}}, {"pk": 35, "model": "core.label", "fields": {"category": "Vegetable", "code": "020000101651", "name": "Sweet Peas", "subcategory": "Canned Peas"}}, {"pk": 36, "model": "core.label", "fields": {"category": "Vegetable", "code": "041498120672", "name": "Small Peas", "subcategory": "Canned Peas"}}, {"pk": 37, "model": "core.label", "fields": {"category": "Vegetable", "code": "041415058415", "name": "Small Green Peas", "subcategory": "Canned Peas"}}, {"pk": 38, "model": "core.label", "fields": {"category": "Vegetable", "code": "078742086774", "name": "Sweet Peas", "subcategory": "Canned Peas"}}, {"pk": 39, "model": "core.label", "fields": {"category": "Vegetable", "code": "034700474113", "name": "Sweet Peas", "subcategory": "Canned Peas"}}, {"pk": 40, "model": "core.label", "fields": {"category": "Vegetable", "code": "020000103815", "name": "Sweet Peas", "subcategory": "Canned Peas"}}, {"pk": 41, "model": "core.label", "fields": {"category": "Vegetable", "code": "024000163084", "name": "Sweet Peas", "subcategory": "Canned Peas"}}, {"pk": 42, "model": "core.label", "fields": {"category": "Vegetable", "code": "037100042135", "name": "Sweet Peas", "subcategory": "Canned Peas"}}, {"pk": 43, "model": "core.label", "fields": {"category": "Vegetable", "code": "024000014904", "name": "Leaf Spinach", "subcategory": "Canned Greens"}}, {"pk": 44, "model": "core.label", "fields": {"category": "Vegetable", "code": "0736393101009", "name": "Mixed Greens", "subcategory": "Canned Greens"}}, {"pk": 45, "model": "core.label", "fields": {"category": "Vegetable", "code": "024000031178", "name": "Aparagus", "subcategory": "Other Canned Vegetable"}}, {"pk": 46, "model": "core.label", "fields": {"category": "Vegetable", "code": "041498120733", "name": "Asparagus", "subcategory": "Other Canned Vegetable"}}, {"pk": 47, "model": "core.label", "fields": {"category": "Vegetable", "code": "070475000416", "name": "Mushrooms", "subcategory": "Other Canned Vegetable"}}, {"pk": 48, "model": "core.label", "fields": {"category": "Vegetable", "code": "041415000414", "name": "Mushrooms", "subcategory": "Other Canned Vegetable"}}, {"pk": 49, "model": "core.label", "fields": {"category": "Vegetable", "code": "017600043863", "name": "Yams", "subcategory": "Other Canned Vegetable"}}, {"pk": 50, "model": "core.label", "fields": {"category": "Vegetable", "code": "041415049413", "name": "Potatoes", "subcategory": "Other Canned Vegetable"}}, {"pk": 51, "model": "core.label", "fields": {"category": "Vegetable", "code": "042396800147", "name": "Potatoes", "subcategory": "Other Canned Vegetable"}}, {"pk": 52, "model": "core.label", "fields": {"category": "Vegetable", "code": "024000163138", "name": "Potatoes", "subcategory": "Other Canned Vegetable"}}, {"pk": 53, "model": "core.label", "fields": {"category": "Vegetable", "code": "024000014089", "name": "Beets", "subcategory": "Other Canned Vegetable"}}, {"pk": 54, "model": "core.label", "fields": {"category": "Vegetable", "code": "039400017233", "name": "White Hominy", "subcategory": "Canned Corn"}}, {"pk": 55, "model": "core.label", "fields": {"category": "Vegetable", "code": "071072012352", "name": "Artichoke Hearts", "subcategory": "Other Canned Vegetable"}}, {"pk": 56, "model": "core.label", "fields": {"category": "Vegetable", "code": "071072012369", "name": "Artichoke Hearts", "subcategory": "Other Canned Vegetable"}}, {"pk": 57, "model": "core.label", "fields": {"category": "Vegetable", "code": "011110814661", "name": "Cut Yams", "subcategory": "Other Canned Vegetable"}}, {"pk": 58, "model": "core.label", "fields": {"category": "Vegetable", "code": "024000019268", "name": "Mixed Vegetables", "subcategory": "Other Canned Vegetable"}}, {"pk": 59, "model": "core.label", "fields": {"category": "Vegetable", "code": "024000163190", "name": "Mixed Vegetables", "subcategory": "Other Canned Vegetable"}}, {"pk": 60, "model": "core.label", "fields": {"category": "Vegetable", "code": "011110845948", "name": "Corn and Peppers", "subcategory": "Other Canned Vegetable"}}, {"pk": 61, "model": "core.label", "fields": {"category": "Fruit", "code": "011110826466", "name": "Fruit Cocktail", "subcategory": "Canned Fruit"}}, {"pk": 62, "model": "core.label", "fields": {"category": "Beans", "code": "011110717863", "name": "Kidney Beans", "subcategory": "Canned Carrots"}}, {"pk": 63, "model": "core.label", "fields": {"category": "Beans", "code": "011110717917", "name": "Kidney Beans", "subcategory": "Canned Beans"}}, {"pk": 64, "model": "core.label", "fields": {"category": "Beans", "code": "024182002546", "name": "Kidney Beans", "subcategory": "Canned Beans"}}, {"pk": 65, "model": "core.label", "fields": {"category": "Beans", "code": "032251018848", "name": "Chili Beans", "subcategory": "Canned Beans"}}, {"pk": 66, "model": "core.label", "fields": {"category": "Beans", "code": "039400016908", "name": "Chili Beans", "subcategory": "Canned Beans"}}, {"pk": 67, "model": "core.label", "fields": {"category": "Beans", "code": "041196020328", "name": "Cannellini Beans", "subcategory": "Canned Beans"}}, {"pk": 68, "model": "core.label", "fields": {"category": "Beans", "code": "039400016731", "name": "Butter Beans", "subcategory": "Canned Beans"}}, {"pk": 69, "model": "core.label", "fields": {"category": "Beans", "code": "0605388186744", "name": "Refried Beans", "subcategory": "Canned Beans"}}, {"pk": 70, "model": "core.label", "fields": {"category": "Beans", "code": "032251018817", "name": "Pinto Beans", "subcategory": "Canned Beans"}}, {"pk": 71, "model": "core.label", "fields": {"category": "Beans", "code": "0884395061149", "name": "Pinto Beans", "subcategory": "Canned Beans"}}, {"pk": 72, "model": "core.label", "fields": {"category": "Beans", "code": "011110725653", "name": "Pinto Beans", "subcategory": "Canned Beans"}}, {"pk": 73, "model": "core.label", "fields": {"category": "Beans", "code": "081269100014", "name": "Pinto Beans", "subcategory": "Canned Beans"}}, {"pk": 74, "model": "core.label", "fields": {"category": "Beans", "code": "041498113148", "name": "Pinto Beans", "subcategory": "Canned Beans"}}, {"pk": 75, "model": "core.label", "fields": {"category": "Beans", "code": "075669102204", "name": "Black Beans", "subcategory": "Canned Beans"}}, {"pk": 76, "model": "core.label", "fields": {"category": "Beans", "code": "041331124669", "name": "Black Beans", "subcategory": "Canned Beans"}}, {"pk": 77, "model": "core.label", "fields": {"category": "Beans", "code": "070253262067", "name": "Black Beans", "subcategory": "Canned Beans"}}, {"pk": 78, "model": "core.label", "fields": {"category": "Beans", "code": "076397032504", "name": "Refried Black Beans", "subcategory": "Canned Beans"}}, {"pk": 79, "model": "core.label", "fields": {"category": "Beans", "code": "039400018834", "name": "Black Beans", "subcategory": "Canned Beans"}}, {"pk": 80, "model": "core.label", "fields": {"category": "Beans", "code": "039400018827", "name": "Black Beans", "subcategory": "Canned Beans"}}, {"pk": 81, "model": "core.label", "fields": {"category": "Beans", "code": "051000029515", "name": "Pork and Beans", "subcategory": "Canned Beans"}}, {"pk": 82, "model": "core.label", "fields": {"category": "Beans", "code": "052000011289", "name": "Pork and Beans", "subcategory": "Canned Beans"}}, {"pk": 83, "model": "core.label", "fields": {"category": "Beans", "code": "041498120450", "name": "Pork and Beans", "subcategory": "Canned Beans"}}, {"pk": 84, "model": "core.label", "fields": {"category": "Beans", "code": "052000011227", "name": "Pork and Beans", "subcategory": "Canned Carrots"}}, {"pk": 85, "model": "core.label", "fields": {"category": "Beans", "code": "028800130789", "name": "Pork and Beans", "subcategory": "Canned Beans"}}, {"pk": 86, "model": "core.label", "fields": {"category": "Beans", "code": "00208291", "name": "Garbanzo Beans", "subcategory": "Canned Beans"}}, {"pk": 87, "model": "core.label", "fields": {"category": "Beans", "code": "041331024198", "name": "Garbanzo Beans", "subcategory": "Canned Beans"}}, {"pk": 88, "model": "core.label", "fields": {"category": "Beans", "code": "028800159018", "name": "Garbanzo Beans", "subcategory": "Canned Beans"}}, {"pk": 89, "model": "core.label", "fields": {"category": "Beans", "code": "024182002515", "name": "Garbanzo Beans", "subcategory": "Canned Beans"}}, {"pk": 90, "model": "core.label", "fields": {"category": "Beans", "code": "039400016335", "name": "Baked Beans", "subcategory": "Canned Beans"}}, {"pk": 91, "model": "core.label", "fields": {"category": "Beans", "code": "039400019749", "name": "Baked Beans", "subcategory": "Canned Beans"}}, {"pk": 92, "model": "core.label", "fields": {"category": "Beans", "code": "039400016144", "name": "Baked Beans", "subcategory": "Canned Beans"}}, {"pk": 93, "model": "core.label", "fields": {"category": "Beans", "code": "041498193102", "name": "Baked Beans", "subcategory": "Canned Beans"}}, {"pk": 94, "model": "core.label", "fields": {"category": "Beans", "code": "011110903495", "name": "Baked Beans", "subcategory": "Canned Carrots"}}, {"pk": 95, "model": "core.label", "fields": {"category": "Fruit", "code": "011110826497", "name": "Mixed Fruit", "subcategory": "Canned Fruit"}}, {"pk": 96, "model": "core.label", "fields": {"category": "Fruit", "code": "024000395553", "name": "Peach Chunks", "subcategory": "Canned Fruit"}}, {"pk": 97, "model": "core.label", "fields": {"category": "Fruit", "code": "011110826480", "name": "Chunky Mixed Fruit", "subcategory": "Canned Carrots"}}, {"pk": 98, "model": "core.label", "fields": {"category": "Fruit", "code": "024000167129", "name": "Chunky Mixed Fruit", "subcategory": "Canned Fruit"}}, {"pk": 99, "model": "core.label", "fields": {"category": "Fruit", "code": "041415017146", "name": "Peach Slices", "subcategory": "Canned Fruit"}}, {"pk": 100, "model": "core.label", "fields": {"category": "Fruit", "code": "011110828767", "name": "Yellow Cling Peaches", "subcategory": "Canned Fruit"}}, {"pk": 101, "model": "core.label", "fields": {"category": "Fruit", "code": "011110828774", "name": "Yellow Cling Peaches", "subcategory": "Canned Fruit"}}, {"pk": 102, "model": "core.label", "fields": {"category": "Fruit", "code": "024000019114", "name": "Raspberry Sliced Peaches", "subcategory": "Canned Fruit"}}, {"pk": 103, "model": "core.label", "fields": {"category": "Fruit", "code": "041415039148", "name": "Mixed Fruit", "subcategory": "Canned Fruit"}}, {"pk": 104, "model": "core.label", "fields": {"category": "Fruit", "code": "011110828316", "name": "Pears", "subcategory": "Canned Fruit"}}, {"pk": 105, "model": "core.label", "fields": {"category": "Fruit", "code": "038900004736", "name": "Pineapple Chunks", "subcategory": "Jelly"}}, {"pk": 106, "model": "core.label", "fields": {"category": "Fruit", "code": "024000167273", "name": "Pear Halves", "subcategory": "Canned Chili"}}, {"pk": 107, "model": "core.label", "fields": {"category": "Fruit", "code": "011110824431", "name": "Apricots", "subcategory": "Canned Fruit"}}, {"pk": 108, "model": "core.label", "fields": {"category": "Fruit", "code": "011110831415", "name": "Pineapple", "subcategory": "Canned Fruit"}}, {"pk": 109, "model": "core.label", "fields": {"category": "Fruit", "code": "041498112011", "name": "Pineapple Slices", "subcategory": "Canned Fruit"}}, {"pk": 110, "model": "core.label", "fields": {"category": "Fruit", "code": "038900001438", "name": "Pineapple Slices", "subcategory": "Canned Fruit"}}, {"pk": 111, "model": "core.label", "fields": {"category": "Fruit", "code": "041415068148", "name": "Pineapple Tidbits", "subcategory": "Canned Fruit"}}, {"pk": 112, "model": "core.label", "fields": {"category": "Fruit", "code": "041498120108", "name": "Mandarin Oranges", "subcategory": "Canned Fruit"}}, {"pk": 113, "model": "core.label", "fields": {"category": "Fruit", "code": "041415067141", "name": "Pineapple Tidbits", "subcategory": "Canned Fruit"}}, {"pk": 114, "model": "core.label", "fields": {"category": "Fruit", "code": "038900001391", "name": "Pineapple Slices", "subcategory": "Canned Fruit"}}, {"pk": 115, "model": "core.label", "fields": {"category": "Fruit", "code": "011110809537", "name": "Mandarin Oranges Snack Bowls", "subcategory": "Canned Fruit"}}, {"pk": 116, "model": "core.label", "fields": {"category": "Fruit", "code": "0890000001004", "name": "Applesauce On The Go", "subcategory": "Applesauce"}}, {"pk": 117, "model": "core.label", "fields": {"category": "Fruit", "code": "085239054635", "name": "Apple Pie Filling", "subcategory": "Canned Fruit"}}, {"pk": 118, "model": "core.label", "fields": {"category": "Fruit", "code": "014800234633", "name": "Applesauce", "subcategory": "Applesauce"}}, {"pk": 119, "model": "core.label", "fields": {"category": "Tomato", "code": "064144282630", "name": "Diced Tomatoes and Green Chiles", "subcategory": "Canned Tomatoes"}}, {"pk": 120, "model": "core.label", "fields": {"category": "Tomato", "code": "064144641468", "name": "Tomato and Green Chile Sauce", "subcategory": "Canned Pasta/Tomato Sauce"}}, {"pk": 121, "model": "core.label", "fields": {"category": "Fruit", "code": "031200016058011110899651", "name": "Cranberry Sauce", "subcategory": "Canned Fruit"}}, {"pk": 122, "model": "core.label", "fields": {"category": "Fruit", "code": "041415023086", "name": "Cranberry Sauce", "subcategory": "Canned Fruit"}}, {"pk": 123, "model": "core.label", "fields": {"category": "Tomato", "code": "011110816337", "name": "Tomato Paste", "subcategory": "Canned Tomato Paste"}}, {"pk": 124, "model": "core.label", "fields": {"category": "Tomato", "code": "041415009417", "name": "Tomato Sauce", "subcategory": "Canned Pasta/Tomato Sauce"}}, {"pk": 125, "model": "core.label", "fields": {"category": "Tomato", "code": "041415010413", "name": "Tomato Sauce", "subcategory": "Canned Pasta/Tomato Sauce"}}, {"pk": 126, "model": "core.label", "fields": {"category": "Tomato", "code": "027000389690", "name": "Tomato Puree", "subcategory": "Canned Pasta/Tomato Sauce"}}, {"pk": 127, "model": "core.label", "fields": {"category": "Tomato", "code": "027000388112", "name": "Tomato Paste", "subcategory": "Canned Tomato Paste"}}, {"pk": 128, "model": "core.label", "fields": {"category": "Tomato", "code": "041498116101", "name": "Diced Tomatoes", "subcategory": "Canned Tomatoes"}}, {"pk": 129, "model": "core.label", "fields": {"category": "Tomato", "code": "024000034704", "name": "Diced Tomatoes", "subcategory": "Canned Tomatoes"}}, {"pk": 130, "model": "core.label", "fields": {"category": "Tomato", "code": "011110810182", "name": "Diced Tomatoes", "subcategory": "Canned Tomatoes"}}, {"pk": 131, "model": "core.label", "fields": {"category": "Tomato", "code": "072940152163", "name": "Stewed Tomatoes", "subcategory": "Canned Tomatoes"}}, {"pk": 132, "model": "core.label", "fields": {"category": "Tomato", "code": "072940754008", "name": "Peeled Plum Tomatoes", "subcategory": "Canned Tomatoes"}}, {"pk": 133, "model": "core.label", "fields": {"category": "Soup", "code": "051000195746", "name": "Bean with Bacon Soup", "subcategory": "Canned Soup"}}, {"pk": 134, "model": "core.label", "fields": {"category": "Soup", "code": "051000148704", "name": "Chicken Noodle Soup", "subcategory": "Canned Soup"}}, {"pk": 135, "model": "core.label", "fields": {"category": "Soup", "code": "037600083973", "name": "White Chicken Chili", "subcategory": "Canned Soup"}}, {"pk": 136, "model": "core.label", "fields": {"category": "Soup", "code": "051000058973", "name": "Chicken Noodle Soup", "subcategory": "Canned Soup"}}, {"pk": 137, "model": "core.label", "fields": {"category": "Soup", "code": "041415028371037600246095", "name": "Chicken Noodle Soup", "subcategory": "Canned Soup"}}, {"pk": 138, "model": "core.label", "fields": {"category": "Soup", "code": "011110837011", "name": "Bean With Bacon", "subcategory": "Canned Soup"}}, {"pk": 139, "model": "core.label", "fields": {"category": "Soup", "code": "041415000377", "name": "Tomato Soup", "subcategory": "Canned Soup"}}, {"pk": 140, "model": "core.label", "fields": {"category": "Soup", "code": "051000058874", "name": "Tomato Soup", "subcategory": "Canned Soup"}}, {"pk": 141, "model": "core.label", "fields": {"category": "Soup", "code": "051000012517", "name": "Chicken Noodle Soup", "subcategory": "Canned Soup"}}, {"pk": 142, "model": "core.label", "fields": {"category": "Soup", "code": "011110784957", "name": "Chicken con Queso Soup", "subcategory": "Canned Soup"}}, {"pk": 143, "model": "core.label", "fields": {"category": "Soup", "code": "041196404739", "name": "Southwestern Style Vegetable Soup", "subcategory": "Canned Soup"}}, {"pk": 144, "model": "core.label", "fields": {"category": "Soup", "code": "00960465", "name": "Split Pea Soup", "subcategory": "Canned Soup"}}, {"pk": 145, "model": "core.label", "fields": {"category": "Soup", "code": "050100402242", "name": "Beef Pot Roast Soup", "subcategory": "Canned Soup"}}, {"pk": 146, "model": "core.label", "fields": {"category": "Soup", "code": "042272005352", "name": "Lentil Vegetable Soup", "subcategory": "Canned Soup"}}, {"pk": 147, "model": "core.label", "fields": {"category": "Soup", "code": "041196910940", "name": "Beef Barley Soup", "subcategory": "Canned Soup"}}, {"pk": 148, "model": "core.label", "fields": {"category": "Soup", "code": "070718000760", "name": "Clam Chowder", "subcategory": "Canned Soup"}}, {"pk": 149, "model": "core.label", "fields": {"category": "Soup", "code": "041196910582", "name": "Roasted Chicken Rotini Soup", "subcategory": "Pasta"}}, {"pk": 150, "model": "core.label", "fields": {"category": "Soup", "code": "041196010329", "name": "Chickarina Soup", "subcategory": "Canned Soup"}}, {"pk": 151, "model": "core.label", "fields": {"category": "Soup", "code": "041196914153", "name": "New England Clam Chowder", "subcategory": "Canned Soup"}}, {"pk": 152, "model": "core.label", "fields": {"category": "Soup", "code": "041196010121", "name": "Minestrone Soup", "subcategory": "Canned Soup"}}, {"pk": 153, "model": "core.label", "fields": {"category": "Soup", "code": "051000032348", "name": "New England Clam Chowder", "subcategory": "Canned Soup"}}, {"pk": 154, "model": "core.label", "fields": {"category": "Soup", "code": "051000005519", "name": "Savory Vegetable Soup", "subcategory": "Canned Soup"}}, {"pk": 155, "model": "core.label", "fields": {"category": "Soup", "code": "051000167798", "name": "Grilled Chicken and Sausage Gumbo", "subcategory": "Canned Soup"}}, {"pk": 156, "model": "core.label", "fields": {"category": "Soup", "code": " 051000190895", "name": "Hearty Tomato with Pasta Soup", "subcategory": "Canned Soup"}}, {"pk": 157, "model": "core.label", "fields": {"category": "Soup", "code": "051000038852", "name": "Classic Chicken Noodle", "subcategory": "Jelly"}}, {"pk": 158, "model": "core.label", "fields": {"category": "Soup", "code": "041498121020", "name": "Beef with Vegetables Soup", "subcategory": "Canned Soup"}}, {"pk": 159, "model": "core.label", "fields": {"category": "Soup", "code": "051000006837", "name": "Hearty Chicken with Vegetables Soup", "subcategory": "Canned Soup"}}, {"pk": 160, "model": "core.label", "fields": {"category": "Soup", "code": "051000128423", "name": "Baked Potato with Steak and Cheese Soup", "subcategory": "Canned Soup"}}, {"pk": 161, "model": "core.label", "fields": {"category": "Soup", "code": "0760263000123", "name": "Vegetable Beef Soup Mix", "subcategory": "Soup Mix"}}, {"pk": 162, "model": "core.label", "fields": {"category": "Soup", "code": "051000024213", "name": "Beef Broth", "subcategory": "Canned Soup"}}, {"pk": 163, "model": "core.label", "fields": {"category": "Soup", "code": "011110738431", "name": "Chicken Broth", "subcategory": "Canned Soup"}}, {"pk": 164, "model": "core.label", "fields": {"category": "Soup", "code": "051000024299", "name": "Chicken Broth", "subcategory": "Canned Soup"}}, {"pk": 165, "model": "core.label", "fields": {"category": "Soup", "code": "051000021076", "name": "Chicken Broth", "subcategory": "Canned Soup"}}, {"pk": 166, "model": "core.label", "fields": {"category": "Soup", "code": "051000014771", "name": "Cheddar Cheese Soup", "subcategory": "Canned Soup"}}, {"pk": 167, "model": "core.label", "fields": {"category": "Soup", "code": "051000123275", "name": "Cream of Chicken Soup", "subcategory": "Canned Soup"}}, {"pk": 168, "model": "core.label", "fields": {"category": "Soup", "code": "051000015273", "name": "Cream of Chicken and Mushroom Soup", "subcategory": "Canned Soup"}}, {"pk": 169, "model": "core.label", "fields": {"category": "Soup", "code": "041415002371", "name": "Cream of Chicken Soup", "subcategory": "Canned Soup"}}, {"pk": 170, "model": "core.label", "fields": {"category": "Soup", "code": "011110837066", "name": "Cream of Mushroom Soup", "subcategory": "Spam/Canned Ham"}}, {"pk": 171, "model": "core.label", "fields": {"category": "Soup", "code": "051000123268", "name": "Cream of Mushroom w/Garlic", "subcategory": "Canned Soup"}}, {"pk": 172, "model": "core.label", "fields": {"category": "Soup", "code": "041415001374", "name": "Cream of Mushroom Soup", "subcategory": "Canned Soup"}}, {"pk": 173, "model": "core.label", "fields": {"category": "Soup", "code": "011110864833", "name": "Cream of Mushroom Soup", "subcategory": "Canned Soup"}}, {"pk": 174, "model": "core.label", "fields": {"category": "Soup", "code": "051000012616", "name": "Cream of Mushroom Soup", "subcategory": "Canned Soup"}}, {"pk": 175, "model": "core.label", "fields": {"category": "Soup", "code": "051000065698", "name": "Cream of Celery Soup", "subcategory": "Canned Soup"}}, {"pk": 176, "model": "core.label", "fields": {"category": "Soup", "code": "051000011619", "name": "Cream of Celery Soup", "subcategory": "Canned Soup"}}, {"pk": 177, "model": "core.label", "fields": {"category": "Soup", "code": "051000115522", "name": "Cream of Celery Soup", "subcategory": "Canned Soup"}}, {"pk": 178, "model": "core.label", "fields": {"category": "Soup", "code": "011110838193", "name": "Cream of Potato Soup", "subcategory": "Canned Soup"}}, {"pk": 179, "model": "core.label", "fields": {"category": "Soup", "code": "051000016416", "name": "Cream of Potato Soup", "subcategory": "Canned Soup"}}, {"pk": 180, "model": "core.label", "fields": {"category": "Soup", "code": "051000011114", "name": "Beef with Vegetables and Barley Soup", "subcategory": "Canned Soup"}}, {"pk": 181, "model": "core.label", "fields": {"category": "Canned Dinner", "code": "037600107433", "name": "Turkey Chili", "subcategory": "Canned Chili"}}, {"pk": 182, "model": "core.label", "fields": {"category": "Canned Dinner", "code": "037600241939", "name": "Hormel Chili No Beans", "subcategory": "Jelly"}}, {"pk": 183, "model": "core.label", "fields": {"category": "Canned Dinner", "code": "071106498657", "name": "Steakhouse Reserve Chili with Beans", "subcategory": "Canned Chili"}}, {"pk": 184, "model": "core.label", "fields": {"category": "Peanut Butter and Jelly", "code": "081864000429", "name": "Smooth Peanut Butter", "subcategory": "Peanut Butter"}}, {"pk": 185, "model": "core.label", "fields": {"category": "Meat", "code": "048000011916", "name": "Pink Salmon", "subcategory": "Tuna/Chicken/Salmon"}}, {"pk": 186, "model": "core.label", "fields": {"category": "Meat", "code": "020100000076", "name": "Sardines", "subcategory": "Tuna/Chicken/Salmon"}}, {"pk": 187, "model": "core.label", "fields": {"category": "Meat", "code": "08669932", "name": "Pink Salmon", "subcategory": "Tuna/Chicken/Salmon"}}, {"pk": 188, "model": "core.label", "fields": {"category": "Meat", "code": "099482415990", "name": "Salmon", "subcategory": "Tuna/Chicken/Salmon"}}, {"pk": 189, "model": "core.label", "fields": {"category": "Meat", "code": "08667031", "name": "Pink Salmon", "subcategory": "Canned Soup"}}, {"pk": 190, "model": "core.label", "fields": {"category": "Meat", "code": "096619977819", "name": "Albacore Tuna", "subcategory": "Tuna/Chicken/Salmon"}}, {"pk": 191, "model": "core.label", "fields": {"category": "Meat", "code": "086600335230", "name": "Albacore Tuna", "subcategory": "Tuna/Chicken/Salmon"}}, {"pk": 192, "model": "core.label", "fields": {"category": "Meat", "code": "08051006", "name": "Tuna w/Jalapenos", "subcategory": "Tuna/Chicken/Salmon"}}, {"pk": 193, "model": "core.label", "fields": {"category": "Meat", "code": "041498121167", "name": "White Tuna", "subcategory": "Tuna/Chicken/Salmon"}}, {"pk": 194, "model": "core.label", "fields": {"category": "Meat", "code": "08067104", "name": "Chunk White Tuna", "subcategory": "Tuna/Chicken/Salmon"}}, {"pk": 195, "model": "core.label", "fields": {"category": "Meat", "code": "08067201", "name": "Solid White Tuna", "subcategory": "Tuna/Chicken/Salmon"}}, {"pk": 196, "model": "core.label", "fields": {"category": "Meat", "code": "866253", "name": "Chunk White Albacore", "subcategory": "Tuna/Chicken/Salmon"}}, {"pk": 197, "model": "core.label", "fields": {"category": "Meat", "code": "048000000958", "name": "Solid White Albacore", "subcategory": "Tuna/Chicken/Salmon"}}, {"pk": 198, "model": "core.label", "fields": {"category": "Meat", "code": "073230008252", "name": "Albacore Tuna", "subcategory": "Tuna/Chicken/Salmon"}}, {"pk": 199, "model": "core.label", "fields": {"category": "Meat", "code": "08067405", "name": "Chunk Light Tuna", "subcategory": "Tuna/Chicken/Salmon"}}, {"pk": 200, "model": "core.label", "fields": {"category": "Baking Items", "code": "08067308", "name": "08067308", "subcategory": "Spam/Canned Ham"}}, {"pk": 201, "model": "core.label", "fields": {"category": "Meat", "code": "04824701", "name": "Chunk Light Tuna", "subcategory": "Tuna/Chicken/Salmon"}}, {"pk": 202, "model": "core.label", "fields": {"category": "Meat", "code": "011110834447", "name": "Chunk Light Tuna", "subcategory": "Tuna/Chicken/Salmon"}}, {"pk": 203, "model": "core.label", "fields": {"category": "Meat", "code": "048000011640", "name": "Chunk Light Tuna", "subcategory": "Tuna/Chicken/Salmon"}}, {"pk": 204, "model": "core.label", "fields": {"category": "Meat", "code": "011110888082", "name": "Chunk Light Tuna", "subcategory": "Tuna/Chicken/Salmon"}}, {"pk": 205, "model": "core.label", "fields": {"category": "Meat", "code": "048000002457", "name": "Chunk Light Tuna", "subcategory": "Applesauce"}}, {"pk": 206, "model": "core.label", "fields": {"category": "Meat", "code": "048000033550", "name": "Chunk White Tuna", "subcategory": "Tuna/Chicken/Salmon"}}, {"pk": 207, "model": "core.label", "fields": {"category": "Meat", "code": "08662036", "name": "Chunk Light Tuna", "subcategory": "Tuna/Chicken/Salmon"}}, {"pk": 208, "model": "core.label", "fields": {"category": "Meat", "code": "011110890849", "name": "Chunk Light Tuna", "subcategory": "Tuna/Chicken/Salmon"}}, {"pk": 209, "model": "core.label", "fields": {"category": "Meat", "code": "074785052806", "name": "Chicken Breast", "subcategory": "Tuna/Chicken/Salmon"}}, {"pk": 210, "model": "core.label", "fields": {"category": "Meat", "code": "086600403205", "name": "Chicken Breast", "subcategory": "Tuna/Chicken/Salmon"}}, {"pk": 211, "model": "core.label", "fields": {"category": "Meat", "code": "011110839558", "name": "Chicken Breast", "subcategory": "Tuna/Chicken/Salmon"}}, {"pk": 212, "model": "core.label", "fields": {"category": "Meat", "code": "011110900920", "name": "Chicken Breast", "subcategory": "Tuna/Chicken/Salmon"}}, {"pk": 213, "model": "core.label", "fields": {"category": "Meat", "code": "017000009360", "name": "Vienna Sausage BBQ", "subcategory": "Vienna Sausage"}}, {"pk": 214, "model": "core.label", "fields": {"category": "Meat", "code": "017000016467", "name": "Chicken Vienna Sausage", "subcategory": "Vienna Sausage"}}, {"pk": 215, "model": "core.label", "fields": {"category": "Meat", "code": "017000009254", "name": "Vienna Sausage", "subcategory": "Vienna Sausage"}}, {"pk": 216, "model": "core.label", "fields": {"category": "Meat", "code": "039000085892", "name": "Vienna Sausage", "subcategory": "Vienna Sausage"}}, {"pk": 217, "model": "core.label", "fields": {"category": "Meat", "code": "011110839206", "name": "Vienna Sausage", "subcategory": "Vienna Sausage"}}, {"pk": 218, "model": "core.label", "fields": {"category": "Meat", "code": "041498141479", "name": "Vienna Sausage", "subcategory": "Vienna Sausage"}}, {"pk": 219, "model": "core.label", "fields": {"category": "Meat", "code": "011110839176", "name": "Luncheon Meat", "subcategory": "Spam/Canned Ham"}}, {"pk": 220, "model": "core.label", "fields": {"category": "Meat", "code": "071615901013", "name": "Canned Corned Beef", "subcategory": "Spam/Canned Ham"}}, {"pk": 221, "model": "core.label", "fields": {"category": "Meat", "code": "03760137", "name": "Spam", "subcategory": "Spam/Canned Ham"}}, {"pk": 222, "model": "core.label", "fields": {"category": "Meat", "code": "039000081047", "name": "Corned Beef", "subcategory": "Spam/Canned Ham"}}, {"pk": 223, "model": "core.label", "fields": {"category": "Meat", "code": "055270854037", "name": "Corned Beef", "subcategory": "Spam/Canned Ham"}}, {"pk": 224, "model": "core.label", "fields": {"category": "Meat", "code": "011110839510", "name": "Corned Beef Hash", "subcategory": "Spam/Canned Ham"}}, {"pk": 225, "model": "core.label", "fields": {"category": "Meat", "code": "039000085687", "name": "Corned Beef Hash", "subcategory": "Spam/Canned Ham"}}, {"pk": 226, "model": "core.label", "fields": {"category": "Canned Dinner", "code": "064144043156", "name": "Beef Ravioli", "subcategory": "Canned Spaghetti/Ravioli"}}, {"pk": 227, "model": "core.label", "fields": {"category": "Canned Dinner", "code": "064144043064", "name": "Mini Ravioli", "subcategory": "Canned Spaghetti/Ravioli"}}, {"pk": 228, "model": "core.label", "fields": {"category": "Canned Dinner", "code": "064144043972", "name": "Mini Dinosaurs", "subcategory": "Canned Spaghetti/Ravioli"}}, {"pk": 229, "model": "core.label", "fields": {"category": "Canned Dinner", "code": "064144048816", "name": "Mini Spaghetti and Meatballs", "subcategory": "Canned Spaghetti/Ravioli"}}, {"pk": 230, "model": "core.label", "fields": {"category": "Canned Dinner", "code": "064144043354", "name": "Mini Beef Ravioli", "subcategory": "Canned Spaghetti/Ravioli"}}, {"pk": 231, "model": "core.label", "fields": {"category": "Canned Dinner", "code": "064144041640", "name": "Mini ABC's", "subcategory": "Canned Spaghetti/Ravioli"}}, {"pk": 232, "model": "core.label", "fields": {"category": "Canned Dinner", "code": "041498133085", "name": "Spaghetti Rings", "subcategory": "Canned Spaghetti/Ravioli"}}, {"pk": 233, "model": "core.label", "fields": {"category": "Canned Dinner", "code": "064144043026", "name": "Beefaroni", "subcategory": "Jelly"}}, {"pk": 234, "model": "core.label", "fields": {"category": "Canned Dinner", "code": "064144043071", "name": "Cheese Ravioli", "subcategory": "Canned Spaghetti/Ravioli"}}, {"pk": 235, "model": "core.label", "fields": {"category": "Canned Dinner", "code": "064144047345", "name": "Mac and Cheese", "subcategory": "Canned Spaghetti/Ravioli"}}, {"pk": 236, "model": "core.label", "fields": {"category": "Canned Dinner", "code": "064144047178", "name": "Spaghetti and Meatballs", "subcategory": "Canned Spaghetti/Ravioli"}}, {"pk": 237, "model": "core.label", "fields": {"category": "Canned Dinner", "code": "064144047093", "name": "Beef Ravioli", "subcategory": "Canned Spaghetti/Ravioli"}}, {"pk": 238, "model": "core.label", "fields": {"category": "Canned Dinner", "code": "064144047185", "name": "Mini ABC's", "subcategory": "Canned Spaghetti/Ravioli"}}, {"pk": 239, "model": "core.label", "fields": {"category": "Canned Dinner", "code": "064144043101", "name": "Mini Ravioli", "subcategory": "Canned Spaghetti/Ravioli"}}, {"pk": 240, "model": "core.label", "fields": {"category": "Canned Dinner", "code": "064144043170", "name": "Beef Ravioli", "subcategory": "Canned Spaghetti/Ravioli"}}, {"pk": 241, "model": "core.label", "fields": {"category": "Canned Dinner", "code": "064144043231", "name": "Spaghetti and Meatballs", "subcategory": "Canned Spaghetti/Ravioli"}}, {"pk": 242, "model": "core.label", "fields": {"category": "Canned Dinner", "code": "064144043224", "name": "Spaghetti and Meatballs", "subcategory": "Canned Spaghetti/Ravioli"}}, {"pk": 243, "model": "core.label", "fields": {"category": "Breakfast", "code": "078742371719", "name": "Instant Oatmeal Packets", "subcategory": "Oatmeal Packets"}}, {"pk": 244, "model": "core.label", "fields": {"category": "Breakfast", "code": "085239991831", "name": "Instant Oatmeal Packets", "subcategory": "Oatmeal Packets"}}, {"pk": 245, "model": "core.label", "fields": {"category": "Breakfast", "code": "070893028481", "name": "Regular Instant Oatmeal", "subcategory": "Oatmeal Packets"}}, {"pk": 246, "model": "core.label", "fields": {"category": "Breakfast", "code": "041415020054", "name": "Quick Oats", "subcategory": "Boxed Oatmeal"}}, {"pk": 247, "model": "core.label", "fields": {"category": "Breakfast", "code": "030000012000", "name": "Quick-1 minute Oats", "subcategory": "Boxed Oatmeal"}}, {"pk": 248, "model": "core.label", "fields": {"category": "Breakfast", "code": "030000041505", "name": "Grits", "subcategory": "Grits"}}, {"pk": 249, "model": "core.label", "fields": {"category": "Breakfast", "code": "013300123072", "name": "Quick Grits", "subcategory": "Grits"}}, {"pk": 250, "model": "core.label", "fields": {"category": "Breakfast", "code": "030000044308", "name": "Instant Grits", "subcategory": "Grits"}}, {"pk": 251, "model": "core.label", "fields": {"category": "Breakfast", "code": "030000037904", "name": "Instant Grits", "subcategory": "Grits"}}, {"pk": 252, "model": "core.label", "fields": {"category": "Breakfast", "code": "078742228020", "name": "Instant Grits", "subcategory": "Grits"}}, {"pk": 253, "model": "core.label", "fields": {"category": "Packaged Dinners and Mixes", "code": "041789002113", "name": "Chicken Ramen", "subcategory": "Pasta"}}, {"pk": 254, "model": "core.label", "fields": {"category": "Starch", "code": "041498153199", "name": "Spaghetti", "subcategory": "Pasta"}}, {"pk": 255, "model": "core.label", "fields": {"category": "Starch", "code": "054800010080", "name": "Parboiled Rice", "subcategory": "Rice"}}, {"pk": 256, "model": "core.label", "fields": {"category": "Starch", "code": "076808513981", "name": "Orzo", "subcategory": "Pasta"}}, {"pk": 257, "model": "core.label", "fields": {"category": "Packaged Dinners and Mixes", "code": "011110847423", "name": "Broccoli and Cheese Rice", "subcategory": "Rice/Bean Mix"}}, {"pk": 258, "model": "core.label", "fields": {"category": "Starch", "code": "099482431051", "name": "Pasta Elbows", "subcategory": "Pasta"}}, {"pk": 259, "model": "core.label", "fields": {"category": "Starch", "code": "041303000441", "name": "Spaghetti", "subcategory": "Pasta"}}, {"pk": 260, "model": "core.label", "fields": {"category": "Starch", "code": "041415037236", "name": "Spaghetti", "subcategory": "Pasta"}}, {"pk": 261, "model": "core.label", "fields": {"category": "Starch", "code": "017400105358", "name": "Brown Rice", "subcategory": "Rice"}}, {"pk": 262, "model": "core.label", "fields": {"category": "Starch", "code": "011110847058", "name": "Medium Grain Rice", "subcategory": "Rice"}}, {"pk": 263, "model": "core.label", "fields": {"category": "Starch", "code": "017400105501", "name": "Long Grain Rice", "subcategory": "Rice"}}, {"pk": 264, "model": "core.label", "fields": {"category": "Starch", "code": "011110847010", "name": "Long Grain Rice", "subcategory": "Canned Beans"}}, {"pk": 265, "model": "core.label", "fields": {"category": "Beans", "code": "041331024792", "name": "Black Beans", "subcategory": "Dry Beans"}}, {"pk": 266, "model": "core.label", "fields": {"category": "Beans", "code": "041331024761", "name": "Lentils", "subcategory": "Dry Beans"}}, {"pk": 267, "model": "core.label", "fields": {"category": "Beans", "code": "011110847607", "name": "Lima Beans", "subcategory": "Dry Beans"}}, {"pk": 268, "model": "core.label", "fields": {"category": "Beans", "code": "035826008343", "name": "Pinto Beans", "subcategory": "Dry Beans"}}, {"pk": 269, "model": "core.label", "fields": {"category": "Beans", "code": "041331024877", "name": "Green Split Peas", "subcategory": "Dry Beans"}}, {"pk": 270, "model": "core.label", "fields": {"category": "Beans", "code": "02561624", "name": "Lentils", "subcategory": "Dry Beans"}}, {"pk": 271, "model": "core.label", "fields": {"category": "Packaged Dinners and Mixes", "code": "071072012949", "name": "Black Beans and Rice", "subcategory": "Rice/Bean Mix"}}, {"pk": 272, "model": "core.label", "fields": {"category": "Beans", "code": "041415028425", "name": "Pinto Beans", "subcategory": "Dry Beans"}}, {"pk": 273, "model": "core.label", "fields": {"category": "Beans", "code": "0208982801244", "name": "Green Split Peas", "subcategory": "Dry Beans"}}, {"pk": 274, "model": "core.label", "fields": {"category": "Starch", "code": "011110851345", "name": "Linguine", "subcategory": "Pasta"}}, {"pk": 275, "model": "core.label", "fields": {"category": "Starch", "code": "029200001716", "name": "Whole Grain Penne", "subcategory": "Pasta"}}, {"pk": 276, "model": "core.label", "fields": {"category": "Starch", "code": "085239385876", "name": "Rotini", "subcategory": "Pasta"}}, {"pk": 277, "model": "core.label", "fields": {"category": "Starch", "code": "011110850218", "name": "Elbow Macaroni", "subcategory": "Pasta"}}, {"pk": 278, "model": "core.label", "fields": {"category": "Starch", "code": "085239382530", "name": "Tri-Color Rotini", "subcategory": "Pasta"}}, {"pk": 279, "model": "core.label", "fields": {"category": "Starch", "code": "011110850706", "name": "Shells", "subcategory": "Pasta"}}, {"pk": 280, "model": "core.label", "fields": {"category": "Starch", "code": "041498166809", "name": "Tri-Color Rotini", "subcategory": "Pasta"}}, {"pk": 281, "model": "core.label", "fields": {"category": "Starch", "code": "071300000014", "name": "Ziti Rigati", "subcategory": "Pasta"}}, {"pk": 282, "model": "core.label", "fields": {"category": "Starch", "code": "071300000359", "name": "Elbows", "subcategory": "Pasta"}}, {"pk": 283, "model": "core.label", "fields": {"category": "Starch", "code": "085239385883", "name": "Penne Rigate", "subcategory": "Pasta"}}, {"pk": 284, "model": "core.label", "fields": {"category": "Starch", "code": "011110850331", "name": "Penne Rigate", "subcategory": "Pasta"}}, {"pk": 285, "model": "core.label", "fields": {"category": "Starch", "code": "041415023239", "name": "Ziti", "subcategory": "Pasta"}}, {"pk": 286, "model": "core.label", "fields": {"category": "Packaged Dinners and Mixes", "code": "041000022869", "name": "Cheddar Broccoli Pasta", "subcategory": "Pasta and Sauce Mix"}}, {"pk": 287, "model": "core.label", "fields": {"category": "Packaged Dinners and Mixes", "code": "041000022517", "name": "Butter and Herb Pasta", "subcategory": "Pasta and Sauce Mix"}}, {"pk": 288, "model": "core.label", "fields": {"category": "Packaged Dinners and Mixes", "code": "015300440494", "name": "Parmesan Cheese Pastaroni", "subcategory": "Pasta and Sauce Mix"}}, {"pk": 289, "model": "core.label", "fields": {"category": "Packaged Dinners and Mixes", "code": "015300440128", "name": "Tomato Parmesan Pastaroni", "subcategory": "Pasta and Sauce Mix"}}, {"pk": 290, "model": "core.label", "fields": {"category": "Packaged Dinners and Mixes", "code": "016000263185", "name": "Fettuccine Alfredo Tuna Helper", "subcategory": "Pasta and Sauce Mix"}}, {"pk": 291, "model": "core.label", "fields": {"category": "Packaged Dinners and Mixes", "code": "016000263161", "name": "Creamy Broccoli Tuna Helper", "subcategory": "Pasta and Sauce Mix"}}, {"pk": 292, "model": "core.label", "fields": {"category": "Packaged Dinners and Mixes", "code": "016000263147", "name": "Creamy Pasta Tuna Helper", "subcategory": "Pasta and Sauce Mix"}}, {"pk": 293, "model": "core.label", "fields": {"category": "Packaged Dinners and Mixes", "code": "016000263178", "name": "Creamy Parmesan Tuna Helper", "subcategory": "Pasta and Sauce Mix"}}, {"pk": 294, "model": "core.label", "fields": {"category": "Milk", "code": "034000830305", "name": "Fat Free Skim Milk", "subcategory": "Evaporated/Condensed Milk"}}, {"pk": 295, "model": "core.label", "fields": {"category": "Milk", "code": "011110884749", "name": "Nonfat Dry Milk", "subcategory": "Dry Milk"}}, {"pk": 296, "model": "core.label", "fields": {"category": "Milk", "code": "011110884756", "name": "Nonfat Dry Milk", "subcategory": "Dry Milk"}}, {"pk": 297, "model": "core.label", "fields": {"category": "Packaged Dinners and Mixes", "code": "021000658862", "name": "Mac & Cheese", "subcategory": "Macaroni and Cheese"}}, {"pk": 298, "model": "core.label", "fields": {"category": "Packaged Dinners and Mixes", "code": "011110851475", "name": "Mac & Cheese", "subcategory": "Macaroni and Cheese"}}, {"pk": 299, "model": "core.label", "fields": {"category": "Packaged Dinners and Mixes", "code": "011110851499", "name": "Mac & Cheese", "subcategory": "Macaroni and Cheese"}}, {"pk": 300, "model": "core.label", "fields": {"category": "Packaged Dinners and Mixes", "code": "011110792280", "name": "Mac & Cheese", "subcategory": "Macaroni and Cheese"}}, {"pk": 301, "model": "core.label", "fields": {"category": "Packaged Dinners and Mixes", "code": "041498154660", "name": "Mac & Cheese", "subcategory": "Macaroni and Cheese"}}, {"pk": 302, "model": "core.label", "fields": {"category": "Packaged Dinners and Mixes", "code": "013562000456", "name": "Mac & Cheese", "subcategory": "Macaroni and Cheese"}}, {"pk": 303, "model": "core.label", "fields": {"category": "Packaged Dinners and Mixes", "code": "011110851758", "name": "Mac & Cheese", "subcategory": "Macaroni and Cheese"}}, {"pk": 304, "model": "core.label", "fields": {"category": "Baking Items", "code": "041415001213", "name": "Hot Cocoa", "subcategory": "Other Baking Item"}}, {"pk": 305, "model": "core.label", "fields": {"category": "Extras", "code": "044000013172", "name": "Triscuits", "subcategory": "Snacks"}}, {"pk": 306, "model": "core.label", "fields": {"category": "Extras", "code": "041449002002", "name": "Cider", "subcategory": "Juice"}}, {"pk": 307, "model": "core.label", "fields": {"category": "Extras", "code": "0897580000571", "name": "Crackers gluten free", "subcategory": "Snacks"}}, {"pk": 308, "model": "core.label", "fields": {"category": "Extras", "code": "011110091024", "name": "Oyster Crackers", "subcategory": "Snacks"}}, {"pk": 309, "model": "core.label", "fields": {"category": "Extras", "code": "038000317200", "name": "Poptarts", "subcategory": "Snacks"}}, {"pk": 310, "model": "core.label", "fields": {"category": "Extras", "code": "016000420151", "name": "Cereal Bars", "subcategory": "Snacks"}}, {"pk": 311, "model": "core.label", "fields": {"category": "Extras", "code": "0722252233400", "name": "Luna Bars", "subcategory": "Snacks"}}, {"pk": 312, "model": "core.label", "fields": {"category": "Extras", "code": "070970008108", "name": "Hot Tamales", "subcategory": "Snacks"}}, {"pk": 313, "model": "core.label", "fields": {"category": "Milk", "code": "050000010110", "name": "Evaoporated Milk", "subcategory": "Evaporated/Condensed Milk"}}, {"pk": 314, "model": "core.label", "fields": {"category": "Milk", "code": "041498142612", "name": "Evaporated Milk", "subcategory": "Evaporated/Condensed Milk"}}, {"pk": 315, "model": "core.label", "fields": {"category": "Extras", "code": "014800646092", "name": "Hawaiian Punch", "subcategory": "Juice"}}, {"pk": 316, "model": "core.label", "fields": {"category": "Extras", "code": "031200210074", "name": "Cran apple Juice", "subcategory": "Juice"}}, {"pk": 317, "model": "core.label", "fields": {"category": "Extras", "code": "052000325553", "name": "Gatorade", "subcategory": "Juice"}}, {"pk": 318, "model": "core.label", "fields": {"category": "Extras", "code": "052000338751", "name": "Gatorade", "subcategory": "Juice"}}, {"pk": 319, "model": "core.label", "fields": {"category": "Extras", "code": "041800157006", "name": "Grape Juice", "subcategory": "Juice"}}, {"pk": 320, "model": "core.label", "fields": {"category": "Extras", "code": "038900009472", "name": "Pineapple Juice", "subcategory": "Juice"}}, {"pk": 321, "model": "core.label", "fields": {"category": "Extras", "code": "028000008222", "name": "Grape Juice", "subcategory": "Juice"}}, {"pk": 322, "model": "core.label", "fields": {"category": "Extras", "code": "041415058200", "name": "Apple Juice", "subcategory": "Juice"}}, {"pk": 323, "model": "core.label", "fields": {"category": "Breakfast", "code": "018627703273", "name": "Go Lean Crunch", "subcategory": "Boxed Cereal"}}, {"pk": 324, "model": "core.label", "fields": {"category": "Breakfast", "code": "018627703396", "name": "Go Lean Crunch", "subcategory": "Boxed Cereal"}}, {"pk": 325, "model": "core.label", "fields": {"category": "Breakfast", "code": "018627703389", "name": "Strawberry Fields", "subcategory": "Boxed Cereal"}}, {"pk": 326, "model": "core.label", "fields": {"category": "Breakfast", "code": "018627510031", "name": "Blueberry Clusters", "subcategory": "Boxed Cereal"}}, {"pk": 327, "model": "core.label", "fields": {"category": "Breakfast", "code": "018627510024", "name": "Honey Toasted Oats", "subcategory": "Boxed Cereal"}}, {"pk": 328, "model": "core.label", "fields": {"category": "Breakfast", "code": "016000275713", "name": "Honey Nut Cheerios", "subcategory": "Boxed Cereal"}}, {"pk": 329, "model": "core.label", "fields": {"category": "Breakfast", "code": "016000275263", "name": "Cheerios", "subcategory": "Boxed Cereal"}}, {"pk": 330, "model": "core.label", "fields": {"category": "Packaged Dinners and Mixes", "code": "046000287355", "name": "Taco Dinner Kit", "subcategory": "Rice/Bean Mix"}}, {"pk": 331, "model": "core.label", "fields": {"category": "Extras", "code": "030000311943", "name": "Chewy Bars", "subcategory": "Boxed Cereal"}}, {"pk": 332, "model": "core.label", "fields": {"category": "Vegetable", "code": "011110808059", "name": "Corn", "subcategory": "Canned Corn"}}, {"pk": 333, "model": "core.label", "fields": {"category": "Vegetable", "code": "011110717856", "name": "Peas", "subcategory": "Canned Peas"}}, {"pk": 334, "model": "core.label", "fields": {"category": "Canned Dinner", "code": "064144041015", "name": "Spaghettios", "subcategory": "Canned Spaghetti/Ravioli"}}, {"pk": 335, "model": "core.label", "fields": {"category": "Breakfast", "code": "030000400036", "name": "Cinnamon Roll", "subcategory": "Boxed Oatmeal"}}, {"pk": 336, "model": "core.label", "fields": {"category": "Packaged Dinners and Mixes", "code": "041415040236", "name": "Mac & Cheese", "subcategory": "Macaroni and Cheese"}}, {"pk": 337, "model": "core.label", "fields": {"category": "Breakfast", "code": "030000011805", "name": "Oatmeal", "subcategory": "Boxed Oatmeal"}}, {"pk": 338, "model": "core.label", "fields": {"category": "Peanut Butter and Jelly", "code": "045300000558", "name": "Peanut Butter", "subcategory": "Peanut Butter"}}, {"pk": 339, "model": "core.label", "fields": {"category": "Peanut Butter and Jelly", "code": "011110677525", "name": "Jelly", "subcategory": "Jelly"}}, {"pk": 340, "model": "core.label", "fields": {"category": "Peanut Butter and Jelly", "code": "011110748423", "name": "Peanut Butter", "subcategory": "Peanut Butter"}}, {"pk": 341, "model": "core.label", "fields": {"category": "Vegetable", "code": "041415104419", "name": "Beans", "subcategory": "Other Canned Vegetable"}}, {"pk": 342, "model": "core.label", "fields": {"category": "Vegetable", "code": "037100036622", "name": "Corn", "subcategory": "Canned Corn"}}, {"pk": 343, "model": "core.label", "fields": {"category": "Breakfast", "code": "0884912002174", "name": "Honey Bunches of Oats", "subcategory": "Boxed Cereal"}}, {"pk": 344, "model": "core.label", "fields": {"category": "Breakfast", "code": "011110850645", "name": "Toasted Oats", "subcategory": "Boxed Cereal"}}, {"pk": 345, "model": "core.label", "fields": {"category": "Breakfast", "code": "011110894731", "name": "Honey Crisp", "subcategory": "Boxed Cereal"}}, {"pk": 346, "model": "core.label", "fields": {"category": "Peanut Butter and Jelly", "code": "041415201194", "name": "Peanut Butter", "subcategory": "Jelly"}}, {"pk": 347, "model": "core.label", "fields": {"category": "Vegetable", "code": "011110802507", "name": "Green Beans", "subcategory": "Canned Green Beans"}}, {"pk": 348, "model": "core.label", "fields": {"category": "Peanut Butter and Jelly", "code": "041415044197", "name": "Jelly", "subcategory": "Applesauce"}}, {"pk": 349, "model": "core.label", "fields": {"category": "Soup", "code": "051000128959", "name": "Soup", "subcategory": "Canned Soup"}}, {"pk": 350, "model": "core.label", "fields": {"category": "Extras", "code": "044000027483", "name": "Ritz Crackers", "subcategory": "Boxed Cereal"}}, {"pk": 351, "model": "core.label", "fields": {"category": "Peanut Butter and Jelly", "code": "051500001639", "name": "Jelly", "subcategory": "Jelly"}}, {"pk": 352, "model": "core.label", "fields": {"category": "Vegetable", "code": "039400017998", "name": "Beans", "subcategory": "Other Canned Vegetable"}}, {"pk": 353, "model": "core.label", "fields": {"category": "Canned Dinner", "code": "051000143204", "name": "Spaghettios", "subcategory": "Canned Spaghetti/Ravioli"}}, {"pk": 354, "model": "core.label", "fields": {"category": "Vegetable", "code": "085239160817", "name": "Corn", "subcategory": "Canned Carrots"}}, {"pk": 355, "model": "core.label", "fields": {"category": "Fruit", "code": "078742369594", "name": "Peaches", "subcategory": "Canned Fruit"}}, {"pk": 356, "model": "core.label", "fields": {"category": "Vegetable", "code": "011110808011", "name": "Corn", "subcategory": "Canned Corn"}}, {"pk": 357, "model": "core.label", "fields": {"category": "Vegetable", "code": "011110812506", "name": "Peas & Carrots", "subcategory": "Other Canned Vegetable"}}, {"pk": 358, "model": "core.label", "fields": {"category": "Meat", "code": "037600138727", "name": "Spam", "subcategory": "Spam/Canned Ham"}}, {"pk": 359, "model": "core.label", "fields": {"category": "Extras", "code": "92006869244393200050", "name": "Apple Crisp", "subcategory": "Desert"}}, {"pk": 360, "model": "core.label", "fields": {"category": "Extras", "code": "0770720393606", "name": "Cane Juice", "subcategory": "Juice"}}, {"pk": 361, "model": "core.label", "fields": {"category": "Peanut Butter and Jelly", "code": "051500243213", "name": "Peanut Butter", "subcategory": "Peanut Butter"}}, {"pk": 362, "model": "core.label", "fields": {"category": "Tomato", "code": "036200219331", "name": "Tomato Sauce", "subcategory": "Canned Pasta/Tomato Sauce"}}, {"pk": 363, "model": "core.label", "fields": {"category": "Tomato", "code": "072940162162", "name": "Tomatoes", "subcategory": "Canned Tomatoes"}}, {"pk": 364, "model": "core.label", "fields": {"category": "Peanut Butter and Jelly", "code": "041415205192", "name": "Peanut Butter", "subcategory": "Peanut Butter"}}, {"pk": 365, "model": "core.label", "fields": {"category": "Peanut Butter and Jelly", "code": "045300005003", "name": "Peanut Butter", "subcategory": "Peanut Butter"}}, {"pk": 366, "model": "core.label", "fields": {"category": "Tomato", "code": "027000390146", "name": "Tomato Sauce", "subcategory": "Canned Pasta/Tomato Sauce"}}, {"pk": 367, "model": "core.label", "fields": {"category": "Extras", "code": "0644209332472", "name": "Brownie Mix", "subcategory": "Desert"}}, {"pk": 368, "model": "core.label", "fields": {"category": "Peanut Butter and Jelly", "code": "051000060075", "name": "Jelly", "subcategory": "Jelly"}}, {"pk": 369, "model": "core.label", "fields": {"category": "Soup", "code": "051000005496", "name": "Vegetable Beef Soup", "subcategory": "Applesauce"}}, {"pk": 370, "model": "core.label", "fields": {"category": "Vegetable", "code": "041415109414", "name": "Peas", "subcategory": "Canned Peas"}}, {"pk": 371, "model": "core.label", "fields": {"category": "Vegetable", "code": "078742310527", "name": "Potatoes", "subcategory": "Canned Potatoes"}}, {"pk": 372, "model": "core.label", "fields": {"category": "Vegetable", "code": "011110725677", "name": "Black Beans", "subcategory": "Canned Carrots"}}, {"pk": 373, "model": "core.label", "fields": {"category": "Soup", "code": "051000167767", "name": "Vegetable Beef Soup", "subcategory": "Canned Soup"}}, {"pk": 374, "model": "core.label", "fields": {"category": "Peanut Butter and Jelly", "code": "051500040454", "name": "Jelly", "subcategory": "Cake Mix"}}, {"pk": 375, "model": "core.label", "fields": {"category": "Vegetable", "code": "041415088412", "name": "Corn", "subcategory": "Canned Corn"}}, {"pk": 376, "model": "core.label", "fields": {"category": "Peanut Butter and Jelly", "code": "051500040744", "name": "Jelly", "subcategory": "Cake Mix"}}, {"pk": 377, "model": "core.label", "fields": {"category": "Baking Items", "code": "051500040218", "name": "051500040744", "subcategory": "Cake Mix"}}, {"pk": 378, "model": "core.label", "fields": {"category": "Vegetable", "code": "011110808066", "name": "Corn", "subcategory": "Canned Corn"}}, {"pk": 379, "model": "core.label", "fields": {"category": "Vegetable", "code": "041415103412", "name": "Pinto Beans", "subcategory": "Other Canned Vegetable"}}, {"pk": 380, "model": "core.label", "fields": {"category": "Soup", "code": "051000180025", "name": "Chicken Soup", "subcategory": "Canned Soup"}}, {"pk": 381, "model": "core.label", "fields": {"category": "Beans", "code": "024000162872", "name": "Green Beans", "subcategory": "Canned Beans"}}, {"pk": 382, "model": "core.label", "fields": {"category": "Meat", "code": "037600369749", "name": "Chicken Breast", "subcategory": "Tuna/Chicken/Salmon"}}, {"pk": 383, "model": "core.label", "fields": {"category": "Breakfast", "code": "013130060356", "name": "Cream of Wheat", "subcategory": "Boxed Oatmeal"}}, {"pk": 384, "model": "core.label", "fields": {"category": "Soup", "code": "041196911817", "name": "Beef Soup", "subcategory": "Canned Soup"}}, {"pk": 385, "model": "core.label", "fields": {"category": "Starch", "code": "041196914030", "name": "Spaghetti", "subcategory": "Pasta"}}, {"pk": 386, "model": "core.label", "fields": {"category": "Soup", "code": "072700102049", "name": "Minestrone Soup ", "subcategory": "Soup Mix"}}, {"pk": 387, "model": "core.label", "fields": {"category": "Baking Items", "code": "041498126612", "name": "Vegetable Oil", "subcategory": "Other Baking Item"}}, {"pk": 388, "model": "core.label", "fields": {"category": "Soup", "code": "051000195623", "name": "White Chicken Chili", "subcategory": "Canned Soup"}}, {"pk": 389, "model": "core.label", "fields": {"category": "Extras", "code": "070233003727", "name": "Mexican Dinner Treat", "subcategory": "Desert"}}, {"pk": 390, "model": "core.label", "fields": {"category": "Breakfast", "code": "018627703662", "name": "Warm Cinnamon", "subcategory": "Boxed Cereal"}}, {"pk": 391, "model": "core.label", "fields": {"category": "Breakfast", "code": "018627566755", "name": "Cinnamon Crumble", "subcategory": "Boxed Cereal"}}, {"pk": 392, "model": "core.label", "fields": {"category": "Breakfast", "code": "018627536871", "name": "Honey Sunshine", "subcategory": "Boxed Cereal"}}, {"pk": 393, "model": "core.label", "fields": {"category": "Extras", "code": "070569139503", "name": "Pastry Biscuit", "subcategory": "Desert"}}, {"pk": 394, "model": "core.label", "fields": {"category": "Tomato", "code": "041415116412", "name": "Tomatoes", "subcategory": "Canned Tomatoes"}}, {"pk": 395, "model": "core.label", "fields": {"category": "Fruit", "code": "024000058168", "name": "Peaches", "subcategory": "Canned Fruit"}}, {"pk": 396, "model": "core.label", "fields": {"category": "Canned Dinner", "code": "064144045518", "name": "Ravioli", "subcategory": "Desert"}}, {"pk": 397, "model": "core.label", "fields": {"category": "Fruit", "code": "024000167198", "name": "Peaches", "subcategory": "Applesauce"}}, {"pk": 398, "model": "core.label", "fields": {"category": "Tomato", "code": "041415007413", "name": "Tomato Paste", "subcategory": "Canned Tomato Paste"}}, {"pk": 399, "model": "core.label", "fields": {"category": "Beans", "code": "071524102945", "name": "Refried Beans", "subcategory": "Canned Beans"}}, {"pk": 400, "model": "core.label", "fields": {"category": "Soup", "code": "051000142931", "name": "Chicken & Dumpling Soup", "subcategory": "Canned Soup"}}, {"pk": 401, "model": "core.label", "fields": {"category": "Peanut Butter and Jelly", "code": "051500040201", "name": "orange marmalade", "subcategory": "Jelly"}}, {"pk": 402, "model": "core.label", "fields": {"category": "Soup", "code": "051000024312", "name": "chicken broth", "subcategory": "Canned Soup"}}, {"pk": 403, "model": "core.label", "fields": {"category": "Meat", "code": "08662531", "name": "white albacore", "subcategory": "Tuna/Chicken/Salmon"}}, {"pk": 404, "model": "core.label", "fields": {"category": "Tomato", "code": "024000011071", "name": "diced tomatoes", "subcategory": "Canned Tomatoes"}}, {"pk": 405, "model": "core.label", "fields": {"category": "Extras", "code": "031290094141", "name": "milk chocolate", "subcategory": "Desert"}}, {"pk": 406, "model": "core.label", "fields": {"category": "Canned Dinner", "code": "064144041602", "name": "spaghetti os", "subcategory": "Canned Spaghetti/Ravioli"}}, {"pk": 407, "model": "core.label", "fields": {"category": "Tomato", "code": "011110713322", "name": "salsa", "subcategory": "Canned Pasta/Tomato Sauce"}}, {"pk": 408, "model": "core.label", "fields": {"category": "Breakfast", "code": "030000044117", "name": "grits", "subcategory": "Grits"}}, {"pk": 409, "model": "core.label", "fields": {"category": "Breakfast", "code": "030000064412", "name": "oatmeal squares", "subcategory": "Boxed Cereal"}}, {"pk": 410, "model": "core.label", "fields": {"category": "Tomato", "code": "051000180551", "name": "tomato sauce", "subcategory": "Canned Pasta/Tomato Sauce"}}, {"pk": 411, "model": "core.label", "fields": {"category": "Packaged Dinners and Mixes", "code": "046000287348", "name": "taco dinner kit", "subcategory": "Rice/Bean Mix"}}, {"pk": 412, "model": "core.label", "fields": {"category": "Peanut Butter and Jelly", "code": "011110610492", "name": "peanut butter", "subcategory": "Peanut Butter"}}, {"pk": 413, "model": "core.label", "fields": {"category": "Fruit", "code": "078742374109", "name": "mandrin oranges", "subcategory": "Canned Fruit"}}, {"pk": 414, "model": "core.label", "fields": {"category": "Extras", "code": "078742077833", "name": "honey dejon dressing", "subcategory": "Snacks"}}, {"pk": 415, "model": "core.label", "fields": {"category": "Baking Items", "code": "047800340042", "name": "brown bread", "subcategory": "Cake Mix"}}, {"pk": 416, "model": "core.label", "fields": {"category": "Extras", "code": "051500286470", "name": "ham glaze", "subcategory": "Snacks"}}, {"pk": 417, "model": "core.label", "fields": {"category": "Vegetable", "code": "011110802750", "name": "Green beans", "subcategory": "Canned Green Beans"}}, {"pk": 418, "model": "core.label", "fields": {"category": "Baking Items", "code": "043000200513", "name": "jello", "subcategory": "Canned Carrots"}}, {"pk": 419, "model": "core.label", "fields": {"category": "Baking Items", "code": "043000200537", "name": "jello", "subcategory": "Other Baking Item"}}, {"pk": 420, "model": "core.label", "fields": {"category": "Baking Items", "code": "043000200773", "name": "Jello", "subcategory": "Other Baking Item"}}, {"pk": 421, "model": "core.label", "fields": {"category": "Vegetable", "code": "011110812117", "name": "peas", "subcategory": "Canned Peas"}}, {"pk": 422, "model": "core.label", "fields": {"category": "Beans", "code": "039400017004", "name": "chick peas", "subcategory": "Dry Beans"}}, {"pk": 423, "model": "core.label", "fields": {"category": "Extras", "code": "021000002825", "name": "balsalmic vinigeret", "subcategory": "Snacks"}}, {"pk": 424, "model": "core.label", "fields": {"category": "Extras", "code": "022506202160", "name": "mayo", "subcategory": "Snacks"}}, {"pk": 425, "model": "core.label", "fields": {"category": "Extras", "code": "041335001843", "name": "marinade", "subcategory": "Snacks"}}, {"pk": 426, "model": "core.label", "fields": {"category": "Soup", "code": "0725342412648", "name": "chicken noodle soup", "subcategory": "Canned Soup"}}, {"pk": 427, "model": "core.label", "fields": {"category": "Fruit", "code": "041415023192", "name": "appricot preserves", "subcategory": "Canned Fruit"}}, {"pk": 428, "model": "core.label", "fields": {"category": "Extras", "code": "041335001768", "name": "ceaser dressing", "subcategory": "Snacks"}}, {"pk": 429, "model": "core.label", "fields": {"category": "Tomato", "code": "0706010112923", "name": "Marinara", "subcategory": "Canned Beans"}}, {"pk": 430, "model": "core.label", "fields": {"category": "Beans", "code": "039400017479", "name": "Kidney Beans", "subcategory": "Canned Beans"}}, {"pk": 431, "model": "core.label", "fields": {"category": "Starch", "code": "029200002140", "name": "Thin Spaghetti", "subcategory": "Canned Pasta/Tomato Sauce"}}, {"pk": 432, "model": "core.label", "fields": {"category": "Starch", "code": "029200002126", "name": "Spaghetti", "subcategory": "Cup of Soup"}}, {"pk": 433, "model": "core.label", "fields": {"category": "Vegetable", "code": "024000013204", "name": "Peas and Carrots", "subcategory": "Other Canned Vegetable"}}, {"pk": 434, "model": "core.label", "fields": {"category": "Beans", "code": "041331024716", "name": "Red Kidney Beans", "subcategory": "Dry Beans"}}, {"pk": 435, "model": "core.label", "fields": {"category": "Soup", "code": "041498120986", "name": "Chicken Noodle", "subcategory": "Canned Soup"}}, {"pk": 436, "model": "core.label", "fields": {"category": "Packaged Dinners and Mixes", "code": "029700001391", "name": "Garlic and Parmesan Potatoes", "subcategory": "Rice/Bean Mix"}}, {"pk": 437, "model": "core.label", "fields": {"category": "Packaged Dinners and Mixes", "code": "071429095236", "name": "Jambalaya Mix", "subcategory": "Rice/Bean Mix"}}, {"pk": 438, "model": "core.label", "fields": {"category": "Packaged Dinners and Mixes", "code": "064144043439", "name": "Pizza Maker", "subcategory": "Pasta and Sauce Mix"}}, {"pk": 439, "model": "core.label", "fields": {"category": "Potato and Stuffing Mix", "code": "029700001452", "name": "Four Cheese Potatoes", "subcategory": "Potato"}}, {"pk": 440, "model": "core.label", "fields": {"category": "Packaged Dinners and Mixes", "code": "041000022685", "name": "Spanish Rice", "subcategory": "Rice/Bean Mix"}}, {"pk": 441, "model": "core.label", "fields": {"category": "Vegetable", "code": "024000162995", "name": "Carrots", "subcategory": "Boxed Cereal"}}, {"pk": 442, "model": "core.label", "fields": {"category": "Soup", "code": "051000010315", "name": "Cream of Chicken", "subcategory": "Canned Soup"}}, {"pk": 443, "model": "core.label", "fields": {"category": "Beans", "code": "072579712028", "name": "Pinto Beans", "subcategory": "Applesauce"}}, {"pk": 444, "model": "core.label", "fields": {"category": "Packaged Dinners and Mixes", "code": "016000413139", "name": "Lemon Herb Chicken Helper", "subcategory": "Pasta and Sauce Mix"}}, {"pk": 445, "model": "core.label", "fields": {"category": "Breakfast", "code": "030000012406", "name": "Instant Oatmeal", "subcategory": "Oatmeal Packets"}}, {"pk": 446, "model": "core.label", "fields": {"category": "Starch", "code": "076808534122", "name": "Whole Grain Rotini", "subcategory": "Pasta"}}, {"pk": 447, "model": "core.label", "fields": {"category": "Peanut Butter and Jelly", "code": "092207047650", "name": "Strawberry Jam", "subcategory": "Jelly"}}, {"pk": 448, "model": "core.label", "fields": {"category": "Soup", "code": "041196914160", "name": "Chicken Corn Chowder", "subcategory": "Canned Soup"}}, {"pk": 449, "model": "core.label", "fields": {"category": "Soup", "code": "051000169044", "name": "Chicken and Brown Rice", "subcategory": "Canned Soup"}}, {"pk": 450, "model": "core.label", "fields": {"category": "Milk", "code": "076850099020", "name": "Milk", "subcategory": "Canned Pasta/Tomato Sauce"}}, {"pk": 451, "model": "core.label", "fields": {"category": "Baking Items", "code": "041415004399", "name": "Syrup", "subcategory": "Other Baking Item"}}, {"pk": 452, "model": "core.label", "fields": {"category": "Baking Items", "code": "016000430587", "name": "Brownie Mix", "subcategory": "Cake Mix"}}, {"pk": 453, "model": "core.label", "fields": {"category": "Tomato", "code": "027000500118", "name": "Garlic and Herb Pasta Sauce", "subcategory": "Canned Pasta/Tomato Sauce"}}, {"pk": 454, "model": "core.label", "fields": {"category": "Peanut Butter and Jelly", "code": "051500241356", "name": "Peanut Butter", "subcategory": "Canned Beans"}}, {"pk": 455, "model": "core.label", "fields": {"category": "Peanut Butter and Jelly", "code": "051500255445", "name": "Peanut Butter", "subcategory": "Peanut Butter"}}, {"pk": 456, "model": "core.label", "fields": {"category": "Packaged Dinners and Mixes", "code": "016000263192", "name": "Tertrazzini Tuna Helper", "subcategory": "Pasta and Sauce Mix"}}, {"pk": 457, "model": "core.label", "fields": {"category": "Extras", "code": "011110580382", "name": "Parmesan Cheese", "subcategory": "Snacks"}}, {"pk": 458, "model": "core.label", "fields": {"category": "Peanut Butter and Jelly", "code": "041498115029", "name": "Raspberry Fruit Spread", "subcategory": "Jelly"}}, {"pk": 459, "model": "core.label", "fields": {"category": "Beans", "code": "044300107236", "name": "Green Chile and Lime Beans", "subcategory": "Canned Beans"}}, {"pk": 460, "model": "core.label", "fields": {"category": "Meat", "code": "048000002624", "name": "Solid White Tuna", "subcategory": "Tuna/Chicken/Salmon"}}, {"pk": 461, "model": "core.label", "fields": {"category": "Baking Items", "code": "051500280676", "name": "Pancake Mix", "subcategory": "Pancake/Waffle Mix"}}, {"pk": 462, "model": "core.label", "fields": {"category": "Tomato", "code": "0706010112961", "name": "Tomato an Basil Sauce", "subcategory": "Canned Pasta/Tomato Sauce"}}, {"pk": 463, "model": "core.label", "fields": {"category": "Tomato", "code": "027000422380", "name": "Traditional Pasta Sauce", "subcategory": "Canned Pasta/Tomato Sauce"}}, {"pk": 464, "model": "core.label", "fields": {"category": "Packaged Dinners and Mixes", "code": "016000263123", "name": "Tuna Melt Helper", "subcategory": "Pasta and Sauce Mix"}}, {"pk": 465, "model": "core.label", "fields": {"category": "Breakfast", "code": "041498148126", "name": "Crispy Oats", "subcategory": "Boxed Cereal"}}, {"pk": 466, "model": "core.label", "fields": {"category": "Breakfast", "code": "041498149611", "name": "Crisp Rice", "subcategory": "Boxed Cereal"}}, {"pk": 467, "model": "core.label", "fields": {"category": "Packaged Dinners and Mixes", "code": "041498132637", "name": "Dirty Rice Mix", "subcategory": "Rice/Bean Mix"}}, {"pk": 468, "model": "core.label", "fields": {"category": "Tomato", "code": "085239220900", "name": "Tomato Paste", "subcategory": "Canned Tomato Paste"}}, {"pk": 469, "model": "core.label", "fields": {"category": "Packaged Dinners and Mixes", "code": "052100090405", "name": "Spaghetti Sauce Mix", "subcategory": "Pasta and Sauce Mix"}}, {"pk": 470, "model": "core.label", "fields": {"category": "Tomato", "code": "027000500101", "name": "Four Cheese Pasta Sauce", "subcategory": "Canned Pasta/Tomato Sauce"}}, {"pk": 471, "model": "core.label", "fields": {"category": "Baking Items", "code": "041498122300", "name": "Syrup", "subcategory": "Other Baking Item"}}, {"pk": 472, "model": "core.label", "fields": {"category": "Starch", "code": "029200002188", "name": "Vermicelli", "subcategory": "Pasta"}}, {"pk": 473, "model": "core.label", "fields": {"category": "Starch", "code": "029200002201", "name": "Linguine", "subcategory": "Pasta"}}, {"pk": 474, "model": "core.label", "fields": {"category": "Beans", "code": "041498169671", "name": "Black Eyed Peas", "subcategory": "Canned Beans"}}, {"pk": 475, "model": "core.label", "fields": {"category": "Baking Items", "code": "016000133105", "name": "Organic Flour", "subcategory": "Flour"}}, {"pk": 476, "model": "core.label", "fields": {"category": "Meat", "code": "078742082622", "name": "Chunk Light Tuna", "subcategory": "Tuna/Chicken/Salmon"}}, {"pk": 477, "model": "core.label", "fields": {"category": "Starch", "code": "071300000083", "name": "Spaghetti", "subcategory": "Pasta"}}, {"pk": 478, "model": "core.label", "fields": {"category": "Breakfast", "code": "016000275645", "name": "Cheerios", "subcategory": "Boxed Cereal"}}, {"pk": 479, "model": "core.label", "fields": {"category": "Extras", "code": "011110800930", "name": "Granola Bars", "subcategory": "Snacks"}}, {"pk": 480, "model": "core.label", "fields": {"category": "Peanut Butter and Jelly", "code": "011110603029", "name": "Peanut Butter", "subcategory": "Peanut Butter"}}, {"pk": 481, "model": "core.label", "fields": {"category": "Breakfast", "code": "038000575549", "name": "Mini Wheats", "subcategory": "Boxed Cereal"}}, {"pk": 482, "model": "core.label", "fields": {"category": "Extras", "code": "044000027469", "name": "Ritz Crackers", "subcategory": "Snacks"}}, {"pk": 483, "model": "core.label", "fields": {"category": "Baking Items", "code": "011110852601", "name": "Pancake Mix", "subcategory": "Pancake/Waffle Mix"}}, {"pk": 484, "model": "core.label", "fields": {"category": "Packaged Dinners and Mixes", "code": "029700001124", "name": "Mashed Potatoes", "subcategory": "Rice/Bean Mix"}}, {"pk": 485, "model": "core.label", "fields": {"category": "Fruit", "code": "085239070949", "name": "Raisin Box", "subcategory": "Canned Fruit"}}, {"pk": 486, "model": "core.label", "fields": {"category": "Baking Items", "code": "011110677273", "name": "Syrup", "subcategory": "Other Baking Item"}}, {"pk": 487, "model": "core.label", "fields": {"category": "Fruit", "code": "011110819222", "name": "Applesauce", "subcategory": "Applesauce"}}, {"pk": 488, "model": "core.label", "fields": {"category": "Starch", "code": "011110889300", "name": "Spaghetti", "subcategory": "Pasta"}}, {"pk": 5, "model": "core.category", "fields": {"name": "Baking Items"}}, {"pk": 11, "model": "core.category", "fields": {"name": "Beans"}}, {"pk": 13, "model": "core.category", "fields": {"name": "Breakfast"}}, {"pk": 7, "model": "core.category", "fields": {"name": "Canned Dinner"}}, {"pk": 9, "model": "core.category", "fields": {"name": "Extras"}}, {"pk": 10, "model": "core.category", "fields": {"name": "Fruit"}}, {"pk": 4, "model": "core.category", "fields": {"name": "Meat"}}, {"pk": 14, "model": "core.category", "fields": {"name": "Milk"}}, {"pk": 3, "model": "core.category", "fields": {"name": "Packaged Dinners and Mixes"}}, {"pk": 2, "model": "core.category", "fields": {"name": "Peanut Butter and Jelly"}}, {"pk": 15, "model": "core.category", "fields": {"name": "Potato and Stuffing Mix"}}, {"pk": 8, "model": "core.category", "fields": {"name": "Soup"}}, {"pk": 6, "model": "core.category", "fields": {"name": "Starch"}}, {"pk": 1, "model": "core.category", "fields": {"name": "Tomato"}}, {"pk": 12, "model": "core.category", "fields": {"name": "Vegetable"}}, {"pk": 28, "model": "core.subcategory", "fields": {"category": 10, "name": "Applesauce"}}, {"pk": 39, "model": "core.subcategory", "fields": {"category": 13, "name": "Boxed Cereal"}}, {"pk": 40, "model": "core.subcategory", "fields": {"category": 13, "name": "Boxed Oatmeal"}}, {"pk": 17, "model": "core.subcategory", "fields": {"category": 5, "name": "Cake Mix"}}, {"pk": 30, "model": "core.subcategory", "fields": {"category": 11, "name": "Canned Beans"}}, {"pk": 34, "model": "core.subcategory", "fields": {"category": 12, "name": "Canned Carrots"}}, {"pk": 21, "model": "core.subcategory", "fields": {"category": 7, "name": "Canned Chili"}}, {"pk": 33, "model": "core.subcategory", "fields": {"category": 12, "name": "Canned Corn"}}, {"pk": 29, "model": "core.subcategory", "fields": {"category": 10, "name": "Canned Fruit"}}, {"pk": 32, "model": "core.subcategory", "fields": {"category": 12, "name": "Canned Green Beans"}}, {"pk": 37, "model": "core.subcategory", "fields": {"category": 12, "name": "Canned Greens"}}, {"pk": 1, "model": "core.subcategory", "fields": {"category": 1, "name": "Canned Pasta/Tomato Sauce"}}, {"pk": 36, "model": "core.subcategory", "fields": {"category": 12, "name": "Canned Peas"}}, {"pk": 35, "model": "core.subcategory", "fields": {"category": 12, "name": "Canned Potatoes"}}, {"pk": 23, "model": "core.subcategory", "fields": {"category": 8, "name": "Canned Soup"}}, {"pk": 22, "model": "core.subcategory", "fields": {"category": 7, "name": "Canned Spaghetti/Ravioli"}}, {"pk": 3, "model": "core.subcategory", "fields": {"category": 1, "name": "Canned Tomato Paste"}}, {"pk": 2, "model": "core.subcategory", "fields": {"category": 1, "name": "Canned Tomatoes"}}, {"pk": 7, "model": "core.subcategory", "fields": {"category": 3, "name": "Cup of Soup"}}, {"pk": 27, "model": "core.subcategory", "fields": {"category": 9, "name": "Desert"}}, {"pk": 31, "model": "core.subcategory", "fields": {"category": 11, "name": "Dry Beans"}}, {"pk": 43, "model": "core.subcategory", "fields": {"category": 14, "name": "Dry Milk"}}, {"pk": 44, "model": "core.subcategory", "fields": {"category": 14, "name": "Evaporated/Condensed Milk"}}, {"pk": 14, "model": "core.subcategory", "fields": {"category": 5, "name": "Flour"}}, {"pk": 42, "model": "core.subcategory", "fields": {"category": 13, "name": "Grits"}}, {"pk": 5, "model": "core.subcategory", "fields": {"category": 2, "name": "Jelly"}}, {"pk": 25, "model": "core.subcategory", "fields": {"category": 9, "name": "Juice"}}, {"pk": 8, "model": "core.subcategory", "fields": {"category": 3, "name": "Macaroni and Cheese"}}, {"pk": 41, "model": "core.subcategory", "fields": {"category": 13, "name": "Oatmeal Packets"}}, {"pk": 18, "model": "core.subcategory", "fields": {"category": 5, "name": "Other Baking Item"}}, {"pk": 38, "model": "core.subcategory", "fields": {"category": 12, "name": "Other Canned Vegetable"}}, {"pk": 46, "model": "core.subcategory", "fields": {"category": 3, "name": "Other Packaged Dinner"}}, {"pk": 16, "model": "core.subcategory", "fields": {"category": 5, "name": "Pancake/Waffle Mix"}}, {"pk": 20, "model": "core.subcategory", "fields": {"category": 6, "name": "Pasta"}}, {"pk": 10, "model": "core.subcategory", "fields": {"category": 3, "name": "Pasta and Sauce Mix"}}, {"pk": 4, "model": "core.subcategory", "fields": {"category": 2, "name": "Peanut Butter"}}, {"pk": 47, "model": "core.subcategory", "fields": {"category": 15, "name": "Potato"}}, {"pk": 6, "model": "core.subcategory", "fields": {"category": 3, "name": "Ramen Noodle"}}, {"pk": 19, "model": "core.subcategory", "fields": {"category": 6, "name": "Rice"}}, {"pk": 9, "model": "core.subcategory", "fields": {"category": 3, "name": "Rice/Bean Mix"}}, {"pk": 45, "model": "core.subcategory", "fields": {"category": 9, "name": "Sauces / Dressing"}}, {"pk": 26, "model": "core.subcategory", "fields": {"category": 9, "name": "Snacks"}}, {"pk": 24, "model": "core.subcategory", "fields": {"category": 8, "name": "Soup Mix"}}, {"pk": 12, "model": "core.subcategory", "fields": {"category": 4, "name": "Spam/Canned Ham"}}, {"pk": 48, "model": "core.subcategory", "fields": {"category": 15, "name": "Stuffing"}}, {"pk": 15, "model": "core.subcategory", "fields": {"category": 5, "name": "Sugar"}}, {"pk": 11, "model": "core.subcategory", "fields": {"category": 4, "name": "Tuna/Chicken/Salmon"}}, {"pk": 13, "model": "core.subcategory", "fields": {"category": 4, "name": "Vienna Sausage"}}, {"pk": 1, "model": "core.bagcount", "fields": {"category": 5, "count": 1}}, {"pk": 2, "model": "core.bagcount", "fields": {"category": 11, "count": 2}}, {"pk": 3, "model": "core.bagcount", "fields": {"category": 13, "count": 1}}, {"pk": 4, "model": "core.bagcount", "fields": {"category": 7, "count": 1}}, {"pk": 5, "model": "core.bagcount", "fields": {"category": 9, "count": 1}}, {"pk": 6, "model": "core.bagcount", "fields": {"category": 10, "count": 2}}, {"pk": 7, "model": "core.bagcount", "fields": {"category": 4, "count": 2}}, {"pk": 8, "model": "core.bagcount", "fields": {"category": 14, "count": 1}}, {"pk": 9, "model": "core.bagcount", "fields": {"category": 3, "count": 3}}, {"pk": 10, "model": "core.bagcount", "fields": {"category": 2, "count": 2}}, {"pk": 11, "model": "core.bagcount", "fields": {"category": 15, "count": 1}}, {"pk": 12, "model": "core.bagcount", "fields": {"category": 8, "count": 2}}, {"pk": 13, "model": "core.bagcount", "fields": {"category": 6, "count": 1}}, {"pk": 14, "model": "core.bagcount", "fields": {"category": 1, "count": 1}}, {"pk": 15, "model": "core.bagcount", "fields": {"category": 12, "count": 3}}, {"pk": 1, "model": "core.setting", "fields": {"value": "12", "key": "count/bags/week"}}, {"pk": 2, "model": "core.setting", "fields": {"value": "3", "key": "count/low/inventory"}}]